hotel_unit_id,building,unit_type,unit_category,display_name,floor_number,notes,created_at,updated_at,created_by,updated_by
1,1,GUESTROOM,Dolphin ,1101,1,K,Dolphin  K,,,
2,1,GUESTROOM,Dolphin ,1102,1,Q,Dolphin  Q,,,
3,1,GUESTROOM,Dolphin ,1103,1,K,Dolphin  K,,,
4,1,GUESTROOM,Dolphin ,1104,1,K,Dolphin  K,,,
5,1,GUESTROOM,Dolphin ,1105,1,Q,Dolphin  Q,,,
6,1,GUESTROOM,Dolphin ,1106,1,K,Dolphin  K,,,
7,1,GUESTROOM,Dolphin ,1107,1,K,Dolphin  K,,,
8,1,GUESTROOM,Dolphin ,1108,1,K,Dolphin  K,,,
9,1,GUESTROOM,Dolphin ,1109,1,K,Dolphin  K,,,
10,1,GUESTROOM,Dolphin ,1110,1,Q,Dolphin  Q,,,
11,1,GUESTROOM,Dolphin ,1111,1,K,Dolphin  K,,,
12,1,GUESTROOM,Dolphin ,1112,1,Q,Dolphin  Q,,,
13,1,GUESTROOM,Dolphin ,1114,1,K,Dolphin  K,,,
14,1,GUESTROOM,Dolphin ,1115,1,Q,Dolphin  Q,,,
15,1,GUESTROOM,Dolphin ,1116,1,K,Dolphin  K,,,
16,1,GUESTROOM,Dolphin ,1117,1,Q,Dolphin  Q,,,
17,1,GUESTROOM,Dolphin ,1118,1,K,Dolphin  K,,,
18,1,GUESTROOM,Dolphin ,1119,1,Q,Dolphin  Q,,,
19,1,GUESTROOM,Dolphin ,1120,1,K,Dolphin  K,,,
20,1,GUESTROOM,Dolphin ,1121,1,Q,Dolphin  Q,,,
21,1,GUESTROOM,Dolphin ,1122,1,K,Dolphin  K,,,
22,1,GUESTROOM,Dolphin ,1123,1,Q,Dolphin  Q,,,
23,1,GUESTROOM,Dolphin ,1124,1,K,Dolphin  K,,,
24,1,GUESTROOM,Dolphin ,1125,1,Q,Dolphin  Q,,,
25,1,GUESTROOM,Dolphin ,1126,1,K,Dolphin  K,,,
26,1,GUESTROOM,Dolphin ,1127,1,Q,Dolphin  Q,,,
27,1,GUESTROOM,Dolphin ,1128,1,K,Dolphin  K,,,
28,1,GUESTROOM,Dolphin ,1129,1,K,Dolphin  K,,,
29,1,GUESTROOM,Standard,1201,2,K,Standard K,,,
30,1,GUESTROOM,Standard,1202,2,K,Standard K,,,
31,1,GUESTROOM,Standard,1203,2,Q,Standard Q,,,
32,1,GUESTROOM,Standard,1204,2,K,Standard K,,,
33,1,GUESTROOM,Standard,1205,2,K,Standard K,,,
34,1,GUESTROOM,Standard,1206,2,K,Standard K,,,
35,1,GUESTROOM,Standard,1207,2,K,Standard K,,,
36,1,GUESTROOM,Standard,1208,2,K,Standard K,,,
37,1,GUESTROOM,Standard,1209,2,K,Standard K,,,
38,1,GUESTROOM,Standard,1210,2,K,Standard K,,,
39,1,GUESTROOM,Standard,1211,2,Q,Standard Q,,,
40,1,GUESTROOM,Standard,1212,2,K,Standard K,,,
41,1,GUESTROOM,Standard,1214,2,K,Standard K,,,
42,1,GUESTROOM,Standard,1215,2,K,Standard K,,,
43,1,GUESTROOM,Standard,1216,2,Q,Standard Q,,,
44,1,GUESTROOM,Standard,1217,2,K,Standard K,,,
45,1,GUESTROOM,Standard,1218,2,K,Standard K,,,
46,1,GUESTROOM,Standard,1219,2,Q,Standard Q,,,
47,1,GUESTROOM,Standard,1220,2,K,Standard K,,,
48,1,GUESTROOM,Standard,1221,2,K,Standard K,,,
49,1,GUESTROOM,Standard,1222,2,Q,Standard Q,,,
50,1,GUESTROOM,Standard,1223,2,K,Standard K,,,
51,1,GUESTROOM,Standard,1224,2,K,Standard K,,,
52,1,GUESTROOM,Standard,1225,2,K,Standard K,,,
53,1,GUESTROOM,Standard,1226,2,Q,Standard Q,,,
54,1,GUESTROOM,Standard,1227,2,K,Standard K,,,
55,1,GUESTROOM,Standard,1228,2,K,Standard K,,,
56,1,GUESTROOM,Standard,1229,2,K,Standard K,,,
57,1,GUESTROOM,Standard,1230,2,K,Standard K,,,
58,1,GUESTROOM,Standard,1231,2,K,Standard K,,,
59,1,GUESTROOM,Standard,1232,2,K,Standard K,,,
60,1,GUESTROOM,Standard,1233,2,Q,Standard Q,,,
61,1,GUESTROOM,Standard,1234,2,K,Standard K,,,
62,1,GUESTROOM,Standard,1235,2,K,Standard K,,,
63,1,GUESTROOM,Standard,1236,2,K,Standard K,,,
64,1,GUESTROOM,Standard,1237,2,Q,Standard Q,,,
65,1,GUESTROOM,Standard,1238,2,K,Standard K,,,
66,1,GUESTROOM,Standard,1239,2,K,Standard K,,,
67,1,GUESTROOM,Standard,1240,2,K,Standard K,,,
68,1,GUESTROOM,Standard,1241,2,K,Standard K,,,
69,1,GUESTROOM,Standard,1242,2,K,Standard K,,,
70,1,GUESTROOM,Standard,1243,2,K,Standard K,,,
71,1,GUESTROOM,Standard,1244,2,Q,Standard Q,,,
72,1,GUESTROOM,Standard,1245,2,K,Standard K,,,
73,1,GUESTROOM,Standard,1246,2,K,Standard K,,,
74,1,GUESTROOM,Standard,1247,2,K,Standard K,,,
75,1,GUESTROOM,Standard,1248,2,Q,Standard Q,,,
76,1,GUESTROOM,Standard,1249,2,K,Standard K,,,
77,1,GUESTROOM,Standard,1250,2,K,Standard K,,,
78,1,GUESTROOM,Standard,1251,2,K,Standard K,,,
79,1,GUESTROOM,Standard,1252,2,K,Standard K,,,
80,1,GUESTROOM,Standard,1253,2,Q,Standard Q,,,
81,1,GUESTROOM,Standard,1254,2,K,Standard K,,,
82,1,GUESTROOM,Standard,1255,2,K,Standard K,,,
83,1,GUESTROOM,Standard,1256,2,Q,Standard Q,,,
84,1,GUESTROOM,Standard,1257,2,K,Standard K,,,
85,1,GUESTROOM,Standard,1258,2,K,Standard K,,,
86,1,GUESTROOM,Standard,1259,2,K,Standard K,,,
87,1,GUESTROOM,Standard,1260,2,Q,Standard Q,,,
88,1,GUESTROOM,Standard,1261,2,K,Standard K,,,
89,1,GUESTROOM,Standard,1262,2,Q,Standard Q,,,
90,1,GUESTROOM,Standard,1263,2,K,Standard K,,,
91,1,GUESTROOM,Standard,1264,2,K,Standard K,,,
92,1,GUESTROOM,Club junior suite,1265,2,K,Club junior suite K,,,
93,1,GUESTROOM,Club junior suite,1266,2,Q,Club junior suite Q,,,
94,1,GUESTROOM,Club junior suite,1267,2,Q,Club junior suite Q,,,
95,1,GUESTROOM,Club junior suite,1268,2,K,Club junior suite K,,,
96,1,GUESTROOM,Standard,1301,3,K,Standard K,,,
97,1,GUESTROOM,Standard,1302,3,K,Standard K,,,
98,1,GUESTROOM,Standard,1303,3,Q,Standard Q,,,
99,1,GUESTROOM,Standard,1304,3,K,Standard K,,,
100,1,GUESTROOM,Standard,1305,3,K,Standard K,,,
101,1,GUESTROOM,Standard,1306,3,K,Standard K,,,
102,1,GUESTROOM,Standard,1307,3,Q,Standard Q,,,
103,1,GUESTROOM,Standard,1308,3,K,Standard K,,,
104,1,GUESTROOM,Standard,1309,3,K,Standard K,,,
105,1,GUESTROOM,Standard,1310,3,Q,Standard Q,,,
106,1,GUESTROOM,Standard,1311,3,K,Standard K,,,
107,1,GUESTROOM,Standard,1312,3,K,Standard K,,,
108,1,GUESTROOM,Standard,1314,3,Q,Standard Q,,,
109,1,GUESTROOM,Standard,1315,3,K,Standard K,,,
110,1,GUESTROOM,Standard,1316,3,K,Standard K,,,
111,1,GUESTROOM,Standard,1317,3,K,Standard K,,,
112,1,GUESTROOM,Standard,1318,3,Q,Standard Q,,,
113,1,GUESTROOM,Standard,1319,3,K,Standard K,,,
114,1,GUESTROOM,Standard,1320,3,K,Standard K,,,
115,1,GUESTROOM,Standard,1321,3,Q,Standard Q,,,
116,1,GUESTROOM,Standard,1322,3,K,Standard K,,,
117,1,GUESTROOM,Standard,1323,3,K,Standard K,,,
118,1,GUESTROOM,Standard,1324,3,Q,Standard Q,,,
119,1,GUESTROOM,Standard,1325,3,K,Standard K,,,
120,1,GUESTROOM,Standard,1326,3,K,Standard K,,,
121,1,GUESTROOM,Standard,1327,3,K,Standard K,,,
122,1,GUESTROOM,Standard,1328,3,Q,Standard Q,,,
123,1,GUESTROOM,Standard,1329,3,K,Standard K,,,
124,1,GUESTROOM,Standard,1330,3,K,Standard K,,,
125,1,GUESTROOM,Standard,1331,3,K,Standard K,,,
126,1,GUESTROOM,Standard,1332,3,K,Standard K,,,
127,1,GUESTROOM,Standard,1333,3,K,Standard K,,,
128,1,GUESTROOM,Standard,1334,3,K,Standard K,,,
129,1,GUESTROOM,Standard,1335,3,Q,Standard Q,,,
130,1,GUESTROOM,Standard,1336,3,K,Standard K,,,
131,1,GUESTROOM,Standard,1337,3,K,Standard K,,,
132,1,GUESTROOM,Standard,1338,3,K,Standard K,,,
133,1,GUESTROOM,Standard,1339,3,Q,Standard Q,,,
134,1,GUESTROOM,Standard,1340,3,K,Standard K,,,
135,1,GUESTROOM,Standard,1341,3,K,Standard K,,,
136,1,GUESTROOM,Standard,1342,3,K,Standard K,,,
137,1,GUESTROOM,Standard,1343,3,K,Standard K,,,
138,1,GUESTROOM,Standard,1344,3,K,Standard K,,,
139,1,GUESTROOM,Standard,1345,3,K,Standard K,,,
140,1,GUESTROOM,Standard,1346,3,Q,Standard Q,,,
141,1,GUESTROOM,Standard,1347,3,K,Standard K,,,
142,1,GUESTROOM,Standard,1348,3,K,Standard K,,,
143,1,GUESTROOM,Standard,1349,3,K,Standard K,,,
144,1,GUESTROOM,Standard,1350,3,Q,Standard Q,,,
145,1,GUESTROOM,Standard,1351,3,K,Standard K,,,
146,1,GUESTROOM,Standard,1352,3,K,Standard K,,,
147,1,GUESTROOM,Standard,1353,3,K,Standard K,,,
148,1,GUESTROOM,Standard,1354,3,K,Standard K,,,
149,1,GUESTROOM,Standard,1355,3,Q,Standard Q,,,
150,1,GUESTROOM,Standard,1356,3,K,Standard K,,,
151,1,GUESTROOM,Standard,1357,3,K,Standard K,,,
152,1,GUESTROOM,Standard,1358,3,Q,Standard Q,,,
153,1,GUESTROOM,Standard,1359,3,K,Standard K,,,
154,1,GUESTROOM,Standard,1360,3,K,Standard K,,,
155,1,GUESTROOM,Standard,1361,3,K,Standard K,,,
156,1,GUESTROOM,Standard,1362,3,Q,Standard Q,,,
157,1,GUESTROOM,Standard,1363,3,K,Standard K,,,
158,1,GUESTROOM,Standard,1364,3,Q,Standard Q,,,
159,1,GUESTROOM,Standard,1365,3,K,Standard K,,,
160,1,GUESTROOM,Standard,1366,3,K,Standard K,,,
161,1,GUESTROOM,Club junior suite,1367,3,K,Club junior suite K,,,
162,1,GUESTROOM,Club junior suite,1368,3,Q,Club junior suite Q,,,
163,1,GUESTROOM,Club junior suite,1369,3,Q,Club junior suite Q,,,
164,1,GUESTROOM,Club junior suite,1370,3,K,Club junior suite K,,,
165,1,GUESTROOM,Standard,1401,4,K,Standard K,,,
166,1,GUESTROOM,Standard,1402,4,K,Standard K,,,
167,1,GUESTROOM,Standard,1403,4,Q,Standard Q,,,
168,1,GUESTROOM,Standard,1404,4,K,Standard K,,,
169,1,GUESTROOM,Standard,1405,4,K,Standard K,,,
170,1,GUESTROOM,Standard,1405,4,K,Standard K,,,
171,1,GUESTROOM,Standard,1406,4,K,Standard K,,,
172,1,GUESTROOM,Standard,1407,4,Q,Standard Q,,,
173,1,GUESTROOM,Standard,1408,4,K,Standard K,,,
174,1,GUESTROOM,Standard,1409,4,K,Standard K,,,
175,1,GUESTROOM,Standard,1410,4,Q,Standard Q,,,
176,1,GUESTROOM,Standard,1411,4,K,Standard K,,,
177,1,GUESTROOM,Standard,1412,4,K,Standard K,,,
178,1,GUESTROOM,Standard,1414,4,Q,Standard Q,,,
179,1,GUESTROOM,Standard,1415,4,K,Standard K,,,
180,1,GUESTROOM,Standard,1416,4,K,Standard K,,,
181,1,GUESTROOM,Standard,1417,4,K,Standard K,,,
182,1,GUESTROOM,Standard,1418,4,Q,Standard Q,,,
183,1,GUESTROOM,Standard,1419,4,K,Standard K,,,
184,1,GUESTROOM,Standard,1420,4,K,Standard K,,,
185,1,GUESTROOM,Standard,1421,4,Q,Standard Q,,,
186,1,GUESTROOM,Standard,1422,4,K,Standard K,,,
187,1,GUESTROOM,Standard,1423,4,K,Standard K,,,
188,1,GUESTROOM,Standard,1424,4,Q,Standard Q,,,
189,1,GUESTROOM,Standard,1425,4,K,Standard K,,,
190,1,GUESTROOM,Standard,1426,4,K,Standard K,,,
191,1,GUESTROOM,Standard,1427,4,K,Standard K,,,
192,1,GUESTROOM,Standard,1428,4,Q,Standard Q,,,
193,1,GUESTROOM,Standard,1429,4,K,Standard K,,,
194,1,GUESTROOM,Standard,1430,4,K,Standard K,,,
195,1,GUESTROOM,Standard,1431,4,K,Standard K,,,
196,1,GUESTROOM,Standard,1432,4,K,Standard K,,,
197,1,GUESTROOM,Standard,1433,4,K,Standard K,,,
198,1,GUESTROOM,Standard,1434,4,K,Standard K,,,
199,1,GUESTROOM,Standard,1435,4,Q,Standard Q,,,
200,1,GUESTROOM,Standard,1436,4,K,Standard K,,,
201,1,GUESTROOM,Standard,1437,4,K,Standard K,,,
202,1,GUESTROOM,Standard,1438,4,K,Standard K,,,
203,1,GUESTROOM,Standard,1439,4,Q,Standard Q,,,
204,1,GUESTROOM,Standard,1440,4,K,Standard K,,,
205,1,GUESTROOM,Standard,1441,4,K,Standard K,,,
206,1,GUESTROOM,Standard,1442,4,K,Standard K,,,
207,1,GUESTROOM,Standard,1443,4,K,Standard K,,,
208,1,GUESTROOM,Standard,1444,4,K,Standard K,,,
209,1,GUESTROOM,Standard,1445,4,K,Standard K,,,
210,1,GUESTROOM,Standard,1446,4,Q,Standard Q,,,
211,1,GUESTROOM,Standard,1447,4,K,Standard K,,,
212,1,GUESTROOM,Standard,1448,4,K,Standard K,,,
213,1,GUESTROOM,Standard,1449,4,K,Standard K,,,
214,1,GUESTROOM,Standard,1450,4,Q,Standard Q,,,
215,1,GUESTROOM,Standard,1451,4,K,Standard K,,,
216,1,GUESTROOM,Standard,1452,4,K,Standard K,,,
217,1,GUESTROOM,Standard,1453,4,K,Standard K,,,
218,1,GUESTROOM,Standard,1454,4,K,Standard K,,,
219,1,GUESTROOM,Standard,1455,4,Q,Standard Q,,,
220,1,GUESTROOM,Standard,1456,4,K,Standard K,,,
221,1,GUESTROOM,Standard,1457,4,K,Standard K,,,
222,1,GUESTROOM,Standard,1458,4,Q,Standard Q,,,
223,1,GUESTROOM,Standard,1459,4,K,Standard K,,,
224,1,GUESTROOM,Standard,1460,4,K,Standard K,,,
225,1,GUESTROOM,Standard,1461,4,k,Standard k,,,
226,1,GUESTROOM,Standard,1462,4,Q,Standard Q,,,
227,1,GUESTROOM,Standard,1463,4,k,Standard k,,,
228,1,GUESTROOM,Standard,1464,4,Q,Standard Q,,,
229,1,GUESTROOM,Standard,1465,4,K,Standard K,,,
230,1,GUESTROOM,Standard,1466,4,K,Standard K,,,
231,1,GUESTROOM,Club junior suite,1467,4,K,Club junior suite K,,,
232,1,GUESTROOM,Club junior suite,1468,4,Q,Club junior suite Q,,,
233,1,GUESTROOM,Club junior suite,1469,4,Q,Club junior suite Q,,,
234,1,GUESTROOM,Club junior suite,1470,4,K,Club junior suite K,,,
235,1,GUESTROOM,Standard,1501,5,K,Standard K,,,
236,1,GUESTROOM,Standard,1502,5,K,Standard K,,,
237,1,GUESTROOM,Standard,1503,5,Q,Standard Q,,,
238,1,GUESTROOM,Standard,1504,5,K,Standard K,,,
239,1,GUESTROOM,Standard,1506,5,K,Standard K,,,
240,1,GUESTROOM,Standard,1507,5,Q,Standard Q,,,
241,1,GUESTROOM,Standard,1508,5,K,Standard K,,,
242,1,GUESTROOM,Standard,1509,5,K,Standard K,,,
243,1,GUESTROOM,Standard,1510,5,Q,Standard Q,,,
244,1,GUESTROOM,Standard,1511,5,K,Standard K,,,
245,1,GUESTROOM,Standard,1512,5,K,Standard K,,,
246,1,GUESTROOM,Standard,1514,5,Q,Standard Q,,,
247,1,GUESTROOM,Standard,1515,5,K,Standard K,,,
248,1,GUESTROOM,Standard,1516,5,K,Standard K,,,
249,1,GUESTROOM,Standard,1517,5,K,Standard K,,,
250,1,GUESTROOM,Standard,1518,5,Q,Standard Q,,,
251,1,GUESTROOM,Standard,1519,5,K,Standard K,,,
252,1,GUESTROOM,Standard,1520,5,K,Standard K,,,
253,1,GUESTROOM,Standard,1521,5,Q,Standard Q,,,
254,1,GUESTROOM,Standard,1522,5,K,Standard K,,,
255,1,GUESTROOM,Standard,1523,5,K,Standard K,,,
256,1,GUESTROOM,Standard,1524,5,Q,Standard Q,,,
257,1,GUESTROOM,Standard,1525,5,K,Standard K,,,
258,1,GUESTROOM,Standard,1526,5,K,Standard K,,,
259,1,GUESTROOM,Standard,1527,5,K,Standard K,,,
260,1,GUESTROOM,Standard,1528,5,Q,Standard Q,,,
261,1,GUESTROOM,Standard,1529,5,K,Standard K,,,
262,1,GUESTROOM,Standard,1530,5,K,Standard K,,,
263,1,GUESTROOM,Standard,1531,5,K,Standard K,,,
264,1,GUESTROOM,Standard,1532,5,K,Standard K,,,
265,1,GUESTROOM,Standard,1533,5,K,Standard K,,,
266,1,GUESTROOM,Standard,1534,5,K,Standard K,,,
267,1,GUESTROOM,Standard,1535,5,Q,Standard Q,,,
268,1,GUESTROOM,Standard,1536,5,K,Standard K,,,
269,1,GUESTROOM,Standard,1537,5,K,Standard K,,,
270,1,GUESTROOM,Standard,1538,5,K,Standard K,,,
271,1,GUESTROOM,Standard,1539,5,Q,Standard Q,,,
272,1,GUESTROOM,Standard,1540,5,K,Standard K,,,
273,1,GUESTROOM,Standard,1541,5,K,Standard K,,,
274,1,GUESTROOM,Standard,1542,5,K,Standard K,,,
275,1,GUESTROOM,Standard,1543,5,K,Standard K,,,
276,1,GUESTROOM,Standard,1544,5,K,Standard K,,,
277,1,GUESTROOM,Standard,1545,5,K,Standard K,,,
278,1,GUESTROOM,Standard,1546,5,Q,Standard Q,,,
279,1,GUESTROOM,Standard,1547,5,K,Standard K,,,
280,1,GUESTROOM,Standard,1548,5,K,Standard K,,,
281,1,GUESTROOM,Standard,1549,5,K,Standard K,,,
282,1,GUESTROOM,Standard,1550,5,Q,Standard Q,,,
283,1,GUESTROOM,Standard,1551,5,K,Standard K,,,
284,1,GUESTROOM,Standard,1552,5,K,Standard K,,,
285,1,GUESTROOM,Standard,1553,5,K,Standard K,,,
286,1,GUESTROOM,Standard,1554,5,K,Standard K,,,
287,1,GUESTROOM,Standard,1555,5,Q,Standard Q,,,
288,1,GUESTROOM,Standard,1556,5,K,Standard K,,,
289,1,GUESTROOM,Standard,1557,5,K,Standard K,,,
290,1,GUESTROOM,Standard,1558,5,Q,Standard Q,,,
291,1,GUESTROOM,Standard,1559,5,K,Standard K,,,
292,1,GUESTROOM,Standard,1560,5,K,Standard K,,,
293,1,GUESTROOM,Standard,1561,5,k,Standard k,,,
294,1,GUESTROOM,Standard,1562,5,Q,Standard Q,,,
295,1,GUESTROOM,Standard,1563,5,K,Standard K,,,
296,1,GUESTROOM,Standard,1564,5,Q,Standard Q,,,
297,1,GUESTROOM,Standard,1565,5,K,Standard K,,,
298,1,GUESTROOM,Standard,1566,5,K,Standard K,,,
299,1,GUESTROOM,Club Master suite,1567,5,K,Club Master suite K,,,
300,1,GUESTROOM,Club Master suite,1568,5,K,Club Master suite K,,,
301,1,GUESTROOM,Club Master suite,1569,5,K,Club Master suite K,,,
302,1,GUESTROOM,Club Master suite,1570,5,K,Club Master suite K,,,
303,3,GUESTROOM,Triangulo ,2101,2,K,Triangulo  K,,,
304,3,GUESTROOM,Triangulo ,2102,2,Q,Triangulo  Q,,,
305,3,GUESTROOM,Triangulo ,2103,2,K,Triangulo  K,,,
306,3,GUESTROOM,Triangulo ,2104,2,Q,Triangulo  Q,,,
307,3,GUESTROOM,Triangulo ,2105,2,K,Triangulo  K,,,
308,3,GUESTROOM,Triangulo ,2106,2,K,Triangulo  K,,,
309,3,GUESTROOM,Triangulo ,2201,3,K,Triangulo  K,,,
310,3,GUESTROOM,Triangulo ,2202,3,Q,Triangulo  Q,,,
311,3,GUESTROOM,Triangulo ,2203,3,K,Triangulo  K,,,
312,3,GUESTROOM,Triangulo ,2204,3,Q,Triangulo  Q,,,
313,3,GUESTROOM,Triangulo ,2205,3,K,Triangulo  K,,,
314,3,GUESTROOM,Triangulo ,2206,3,K,Triangulo  K,,,
315,3,GUESTROOM,Triangulo ,2301,4,K,Triangulo  K,,,
316,3,GUESTROOM,Triangulo ,2302,4,Q,Triangulo  Q,,,
317,3,GUESTROOM,Triangulo ,2303,4,K,Triangulo  K,,,
318,3,GUESTROOM,Triangulo ,2304,4,Q,Triangulo  Q,,,
319,3,GUESTROOM,Triangulo ,2305,4,K,Triangulo  K,,,
320,3,GUESTROOM,Triangulo ,2306,4,K,Triangulo  K,,,
321,3,GUESTROOM,Triangulo ,2401,5,K,Triangulo  K,,,
322,3,GUESTROOM,Triangulo ,2402,5,Q,Triangulo  Q,,,
323,3,GUESTROOM,Triangulo ,2403,5,K,Triangulo  K,,,
324,3,GUESTROOM,Triangulo ,2404,5,Q,Triangulo  Q,,,
325,3,GUESTROOM,Triangulo ,2405,5,K,Triangulo  K,,,
326,3,GUESTROOM,Triangulo ,2406,5,K,Triangulo  K,,,
327,3,GUESTROOM,Triangulo ,2501,6,K,Triangulo  K,,,
328,3,GUESTROOM,Triangulo ,2502,6,Q,Triangulo  Q,,,
329,3,GUESTROOM,Triangulo ,2503,6,K,Triangulo  K,,,
330,3,GUESTROOM,Triangulo ,2504,6,Q,Triangulo  Q,,,
331,3,GUESTROOM,Triangulo ,2505,6,K,Triangulo  K,,,
332,3,GUESTROOM,Triangulo ,2506,6,K,Triangulo  K,,,
333,3,GUESTROOM,Triangulo ,2601,7,K,Triangulo  K,,,
334,3,GUESTROOM,Triangulo ,2601,7,Q,Triangulo  Q,,,
335,3,GUESTROOM,Triangulo ,2603,7,K,Triangulo  K,,,
336,3,GUESTROOM,Triangulo ,2604,7,Q,Triangulo  Q,,,
337,3,GUESTROOM,Triangulo ,2605,7,K,Triangulo  K,,,
338,3,GUESTROOM,Triangulo ,2606,7,K,Triangulo  K,,,
339,3,GUESTROOM,Triangulo ,2701,8,K,Triangulo  K,,,
340,3,GUESTROOM,Triangulo ,2702,8,Q,Triangulo  Q,,,
341,3,GUESTROOM,Triangulo ,2703,8,K,Triangulo  K,,,
342,3,GUESTROOM,Triangulo ,2704,8,Q,Triangulo  Q,,,
343,3,GUESTROOM,Triangulo ,2705,8,K,Triangulo  K,,,
344,3,GUESTROOM,Triangulo ,2706,8,K,Triangulo  K,,,
345,3,GUESTROOM,Triangulo ,2801,9,K,Triangulo  K,,,
346,3,GUESTROOM,Triangulo ,2802,9,Q,Triangulo  Q,,,
347,3,GUESTROOM,Triangulo ,2803,9,K,Triangulo  K,,,
348,3,GUESTROOM,Triangulo ,2804,9,Q,Triangulo  Q,,,
349,3,GUESTROOM,Triangulo ,2805,9,K,Triangulo  K,,,
350,3,GUESTROOM,Triangulo ,2806,9,K,Triangulo  K,,,
351,3,GUESTROOM,Triangulo ,2901,10,K,Triangulo  K,,,
352,3,GUESTROOM,Triangulo ,2902,10,Q,Triangulo  Q,,,
353,3,GUESTROOM,Triangulo ,2903,10,K,Triangulo  K,,,
354,3,GUESTROOM,Triangulo ,2904,10,Q,Triangulo  Q,,,
355,3,GUESTROOM,Triangulo ,2905,10,K,Triangulo  K,,,
356,3,GUESTROOM,Triangulo ,2906,10,K,Triangulo  K,,,
357,2,GUESTROOM,Torre Nueva,3101,2,K,Torre Nueva K,,,
358,2,GUESTROOM,Torre Nueva,3102,2,K,Torre Nueva K,,,
359,2,GUESTROOM,Torre Nueva,3103,2,K,Torre Nueva K,,,
360,2,GUESTROOM,Torre Nueva,3104,2,K,Torre Nueva K,,,
361,2,GUESTROOM,Torre Nueva,3105,2,K,Torre Nueva K,,,
362,2,GUESTROOM,Torre Nueva,3106,2,K,Torre Nueva K,,,
363,2,GUESTROOM,Torre Nueva,3107,2,Q,Torre Nueva Q,,,
364,2,GUESTROOM,Torre Nueva,3108,2,K,Torre Nueva K,,,
365,2,GUESTROOM,Torre Nueva,3109,2,K,Torre Nueva K,,,
366,2,GUESTROOM,Torre Nueva,3110,2,K,Torre Nueva K,,,
367,2,GUESTROOM,Torre Nueva,3111,2,Q,Torre Nueva Q,,,
368,2,GUESTROOM,Torre Nueva,3112,2,K,Torre Nueva K,,,
369,2,GUESTROOM,Torre Nueva,3114,2,K,Torre Nueva K,,,
370,2,GUESTROOM,Torre Nueva,3115,2,Q,Torre Nueva Q,,,
371,2,GUESTROOM,Torre Nueva,3116,2,K,Torre Nueva K,,,
372,2,GUESTROOM,Torre Nueva,3117,2,K,Torre Nueva K,,,
373,2,GUESTROOM,Torre Nueva,3201,3,K,Torre Nueva K,,,
374,2,GUESTROOM,Torre Nueva,3202,3,K,Torre Nueva K,,,
375,2,GUESTROOM,Torre Nueva,3203,3,K,Torre Nueva K,,,
376,2,GUESTROOM,Torre Nueva,3204,3,K,Torre Nueva K,,,
377,2,GUESTROOM,Torre Nueva,3205,3,K,Torre Nueva K,,,
378,2,GUESTROOM,Torre Nueva,3206,3,K,Torre Nueva K,,,
379,2,GUESTROOM,Torre Nueva,3207,3,Q,Torre Nueva Q,,,
380,2,GUESTROOM,Torre Nueva,3208,3,K,Torre Nueva K,,,
381,2,GUESTROOM,Torre Nueva,3209,3,K,Torre Nueva K,,,
382,2,GUESTROOM,Torre Nueva,3210,3,K,Torre Nueva K,,,
383,2,GUESTROOM,Torre Nueva,3211,3,K,Torre Nueva K,,,
384,2,GUESTROOM,Torre Nueva,3212,3,K,Torre Nueva K,,,
385,2,GUESTROOM,Torre Nueva,3214,3,K,Torre Nueva K,,,
386,2,GUESTROOM,Torre Nueva,3215,3,K,Torre Nueva K,,,
387,2,GUESTROOM,Torre Nueva,3216,3,K,Torre Nueva K,,,
388,2,GUESTROOM,Torre Nueva,3217,3,K,Torre Nueva K,,,
389,2,GUESTROOM,Torre Nueva,3301,4,K,Torre Nueva K,,,
390,2,GUESTROOM,Torre Nueva,3302,4,K,Torre Nueva K,,,
391,2,GUESTROOM,Torre Nueva,3303,4,K,Torre Nueva K,,,
392,2,GUESTROOM,Torre Nueva,3304,4,K,Torre Nueva K,,,
393,2,GUESTROOM,Torre Nueva,3305,4,K,Torre Nueva K,,,
394,2,GUESTROOM,Torre Nueva,3306,4,K,Torre Nueva K,,,
395,2,GUESTROOM,Torre Nueva,3307,4,Q,Torre Nueva Q,,,
396,2,GUESTROOM,Torre Nueva,3308,4,K,Torre Nueva K,,,
397,2,GUESTROOM,Torre Nueva,3309,4,K,Torre Nueva K,,,
398,2,GUESTROOM,Torre Nueva,3310,4,K,Torre Nueva K,,,
399,2,GUESTROOM,Torre Nueva,3311,4,K,Torre Nueva K,,,
400,2,GUESTROOM,Torre Nueva,3312,4,K,Torre Nueva K,,,
401,2,GUESTROOM,Torre Nueva,3314,4,K,Torre Nueva K,,,
402,2,GUESTROOM,Torre Nueva,3315,4,K,Torre Nueva K,,,
403,2,GUESTROOM,Torre Nueva,3316,4,K,Torre Nueva K,,,
404,2,GUESTROOM,Torre Nueva,3317,4,K,Torre Nueva K,,,
405,2,GUESTROOM,Torre Nueva,3401,5,K,Torre Nueva K,,,
406,2,GUESTROOM,Torre Nueva,3402,5,K,Torre Nueva K,,,
407,2,GUESTROOM,Torre Nueva,3403,5,K,Torre Nueva K,,,
408,2,GUESTROOM,Torre Nueva,3404,5,K,Torre Nueva K,,,
409,2,GUESTROOM,Torre Nueva,3405,5,K,Torre Nueva K,,,
410,2,GUESTROOM,Torre Nueva,3406,5,K,Torre Nueva K,,,
411,2,GUESTROOM,Torre Nueva,3407,5,Q,Torre Nueva Q,,,
412,2,GUESTROOM,Torre Nueva,3408,5,K,Torre Nueva K,,,
413,2,GUESTROOM,Torre Nueva,3409,5,K,Torre Nueva K,,,
414,2,GUESTROOM,Torre Nueva,3410,5,K,Torre Nueva K,,,
415,2,GUESTROOM,Torre Nueva,3411,5,K,Torre Nueva K,,,
416,2,GUESTROOM,Torre Nueva,3412,5,K,Torre Nueva K,,,
417,2,GUESTROOM,Torre Nueva,3414,5,K,Torre Nueva K,,,
418,2,GUESTROOM,Torre Nueva,3415,5,K,Torre Nueva K,,,
419,2,GUESTROOM,Torre Nueva,3416,5,K,Torre Nueva K,,,
420,2,GUESTROOM,Torre Nueva,3417,5,K,Torre Nueva K,,,
421,2,GUESTROOM,Torre Nueva,3501,6,K,Torre Nueva K,,,
422,2,GUESTROOM,Torre Nueva,3502,6,K,Torre Nueva K,,,
423,2,GUESTROOM,Torre Nueva,3503,6,K,Torre Nueva K,,,
424,2,GUESTROOM,Torre Nueva,3504,6,K,Torre Nueva K,,,
425,2,GUESTROOM,Torre Nueva,3505,6,K,Torre Nueva K,,,
426,2,GUESTROOM,Torre Nueva,3506,6,K,Torre Nueva K,,,
427,2,GUESTROOM,Torre Nueva,3507,6,Q,Torre Nueva Q,,,
428,2,GUESTROOM,Torre Nueva,3508,6,K,Torre Nueva K,,,
429,2,GUESTROOM,Torre Nueva,3509,6,K,Torre Nueva K,,,
430,2,GUESTROOM,Torre Nueva,3510,6,K,Torre Nueva K,,,
431,2,GUESTROOM,Torre Nueva,3511,6,K,Torre Nueva K,,,
432,2,GUESTROOM,Torre Nueva,3512,6,K,Torre Nueva K,,,
433,2,GUESTROOM,Torre Nueva,3514,6,K,Torre Nueva K,,,
434,2,GUESTROOM,Torre Nueva,3515,6,K,Torre Nueva K,,,
435,2,GUESTROOM,Torre Nueva,3516,6,K,Torre Nueva K,,,
436,2,GUESTROOM,Torre Nueva,3517,6,K,Torre Nueva K,,,
437,2,GUESTROOM,Torre Nueva,3601,7,K,Torre Nueva K,,,
438,2,GUESTROOM,Torre Nueva,3602,7,K,Torre Nueva K,,,
439,2,GUESTROOM,Torre Nueva,3603,7,K,Torre Nueva K,,,
440,2,GUESTROOM,Torre Nueva,3604,7,K,Torre Nueva K,,,
441,2,GUESTROOM,Torre Nueva,3605,7,K,Torre Nueva K,,,
442,2,GUESTROOM,Torre Nueva,3606,7,K,Torre Nueva K,,,
443,2,GUESTROOM,Torre Nueva,3607,7,Q,Torre Nueva Q,,,
444,2,GUESTROOM,Torre Nueva,3608,7,K,Torre Nueva K,,,
445,2,GUESTROOM,Torre Nueva,3609,7,K,Torre Nueva K,,,
446,2,GUESTROOM,Torre Nueva,3610,7,K,Torre Nueva K,,,
447,2,GUESTROOM,Torre Nueva,3611,7,K,Torre Nueva K,,,
448,2,GUESTROOM,Torre Nueva,3612,7,K,Torre Nueva K,,,
449,2,GUESTROOM,Torre Nueva,3614,7,K,Torre Nueva K,,,
450,2,GUESTROOM,Torre Nueva,3615,7,K,Torre Nueva K,,,
451,2,GUESTROOM,Torre Nueva,3616,7,K,Torre Nueva K,,,
452,2,GUESTROOM,Torre Nueva,3617,7,K,Torre Nueva K,,,
453,2,GUESTROOM,Torre Nueva,3701,8,K,Torre Nueva K,,,
454,2,GUESTROOM,Torre Nueva,3702,8,K,Torre Nueva K,,,
455,2,GUESTROOM,Torre Nueva,3703,8,K,Torre Nueva K,,,
456,2,GUESTROOM,Torre Nueva,3704,8,K,Torre Nueva K,,,
457,2,GUESTROOM,Torre Nueva,3705,8,K,Torre Nueva K,,,
458,2,GUESTROOM,Torre Nueva,3706,8,K,Torre Nueva K,,,
459,2,GUESTROOM,Torre Nueva,3707,8,Q,Torre Nueva Q,,,
460,2,GUESTROOM,Torre Nueva,3708,8,K,Torre Nueva K,,,
461,2,GUESTROOM,Torre Nueva,3709,8,K,Torre Nueva K,,,
462,2,GUESTROOM,Torre Nueva,3710,8,K,Torre Nueva K,,,
463,2,GUESTROOM,Torre Nueva,3711,8,K,Torre Nueva K,,,
464,2,GUESTROOM,Torre Nueva,3712,8,K,Torre Nueva K,,,
465,2,GUESTROOM,Torre Nueva,3714,8,K,Torre Nueva K,,,
466,2,GUESTROOM,Torre Nueva,3715,8,K,Torre Nueva K,,,
467,2,GUESTROOM,Torre Nueva,3716,8,K,Torre Nueva K,,,
468,2,GUESTROOM,Torre Nueva,3717,8,K,Torre Nueva K,,,
469,2,GUESTROOM,Torre Nueva,3801,9,K,Torre Nueva K,,,
470,2,GUESTROOM,Torre Nueva,3802,9,K,Torre Nueva K,,,
471,2,GUESTROOM,Torre Nueva,3803,9,K,Torre Nueva K,,,
472,2,GUESTROOM,Torre Nueva,3804,9,K,Torre Nueva K,,,
473,2,GUESTROOM,Torre Nueva,3805,9,K,Torre Nueva K,,,
474,2,GUESTROOM,Torre Nueva,3806,9,K,Torre Nueva K,,,
475,2,GUESTROOM,Torre Nueva,3807,9,Q,Torre Nueva Q,,,
476,2,GUESTROOM,Torre Nueva,3808,9,K,Torre Nueva K,,,
477,2,GUESTROOM,Torre Nueva,3809,9,K,Torre Nueva K,,,
478,2,GUESTROOM,Torre Nueva,3810,9,K,Torre Nueva K,,,
479,2,GUESTROOM,Torre Nueva,3811,9,K,Torre Nueva K,,,
480,2,GUESTROOM,Torre Nueva,3812,9,K,Torre Nueva K,,,
481,2,GUESTROOM,Torre Nueva,3814,9,K,Torre Nueva K,,,
482,2,GUESTROOM,Torre Nueva,3815,9,K,Torre Nueva K,,,
483,2,GUESTROOM,Torre Nueva,3816,9,K,Torre Nueva K,,,
484,2,GUESTROOM,Torre Nueva,3817,9,K,Torre Nueva K,,,
485,2,GUESTROOM,Torre Nueva,3901,10,K,Torre Nueva K,,,
486,2,GUESTROOM,Torre Nueva,3902,10,K,Torre Nueva K,,,
487,2,GUESTROOM,Torre Nueva,3903,10,K,Torre Nueva K,,,
488,2,GUESTROOM,Torre Nueva,3904,10,K,Torre Nueva K,,,
489,2,GUESTROOM,Torre Nueva,3905,10,K,Torre Nueva K,,,
490,2,GUESTROOM,Torre Nueva,3906,10,K,Torre Nueva K,,,
491,2,GUESTROOM,Torre Nueva,3907,10,Q,Torre Nueva Q,,,
492,2,GUESTROOM,Torre Nueva,3908,10,K,Torre Nueva K,,,
493,2,GUESTROOM,Torre Nueva,3909,10,K,Torre Nueva K,,,
494,2,GUESTROOM,Torre Nueva,3910,10,K,Torre Nueva K,,,
495,2,GUESTROOM,Torre Nueva,3911,10,K,Torre Nueva K,,,
496,2,GUESTROOM,Torre Nueva,3912,10,K,Torre Nueva K,,,
497,2,GUESTROOM,Torre Nueva,3914,10,K,Torre Nueva K,,,
498,2,GUESTROOM,Torre Nueva,3915,10,K,Torre Nueva K,,,
499,2,GUESTROOM,Torre Nueva,3916,10,K,Torre Nueva K,,,
500,2,GUESTROOM,Torre Nueva,3917,10,K,Torre Nueva K,,,
501,3,GUESTROOM,Triangulo ,21001,11,K,Triangulo  K,,,
502,3,GUESTROOM,Triangulo ,21002,11,Q,Triangulo  Q,,,
503,3,GUESTROOM,Triangulo ,21003,11,K,Triangulo  K,,,
504,3,GUESTROOM,Triangulo ,21004,11,Q,Triangulo  Q,,,
505,3,GUESTROOM,Triangulo ,21005,11,K,Triangulo  K,,,
506,3,GUESTROOM,Triangulo ,21006,11,K,Triangulo  K,,,
507,3,GUESTROOM,Triangulo ,21101,12,K,Triangulo  K,,,
508,3,GUESTROOM,Triangulo ,21102,12,Q,Triangulo  Q,,,
509,3,GUESTROOM,Triangulo ,21103,12,K,Triangulo  K,,,
510,3,GUESTROOM,Triangulo ,21104,12,Q,Triangulo  Q,,,
511,3,GUESTROOM,Triangulo ,21105,12,K,Triangulo  K,,,
512,3,GUESTROOM,Triangulo ,21106,12,K,Triangulo  K,,,
513,3,GUESTROOM,Triangulo ,21201,14,K,Triangulo  K,,,
514,3,GUESTROOM,Triangulo ,21202,14,Q,Triangulo  Q,,,
515,3,GUESTROOM,Triangulo ,21203,14,K,Triangulo  K,,,
516,3,GUESTROOM,Triangulo ,21204,14,Q,Triangulo  Q,,,
517,3,GUESTROOM,Triangulo ,21205,14,K,Triangulo  K,,,
518,3,GUESTROOM,Triangulo ,21206,14,K,Triangulo  K,,,
519,3,GUESTROOM,Triangulo ,21401,15,K,Triangulo  K,,,
520,3,GUESTROOM,Triangulo ,21402,15,Q,Triangulo  Q,,,
521,3,GUESTROOM,Triangulo ,21403,15,K,Triangulo  K,,,
522,3,GUESTROOM,Triangulo ,21404,15,Q,Triangulo  Q,,,
523,3,GUESTROOM,Triangulo ,21405,15,K,Triangulo  K,,,
524,3,GUESTROOM,Triangulo ,21406,15,K,Triangulo  K,,,
525,3,GUESTROOM,Triangulo ,21501,16,K,Triangulo  K,,,
526,3,GUESTROOM,Triangulo ,21502,16,Q,Triangulo  Q,,,
527,3,GUESTROOM,Triangulo ,21503,16,K,Triangulo  K,,,
528,3,GUESTROOM,Triangulo ,21601,17,K,Triangulo  K,,,
529,3,GUESTROOM,Triangulo ,21602,17,Q,Triangulo  Q,,,
530,3,GUESTROOM,Triangulo ,21603,17,K,Triangulo  K,,,
531,3,GUESTROOM,Triangulo ,21701,18,K,Triangulo  K,,,
532,2,GUESTROOM,Torre Nueva,31001,11,K,Torre Nueva K,,,
533,2,GUESTROOM,Torre Nueva,31002,11,K,Torre Nueva K,,,
534,2,GUESTROOM,Torre Nueva,31003,11,K,Torre Nueva K,,,
535,2,GUESTROOM,Torre Nueva,31004,11,K,Torre Nueva K,,,
536,2,GUESTROOM,Torre Nueva,31005,11,K,Torre Nueva K,,,
537,2,GUESTROOM,Torre Nueva,31006,11,K,Torre Nueva K,,,
538,2,GUESTROOM,Torre Nueva,31007,11,Q,Torre Nueva Q,,,
539,2,GUESTROOM,Torre Nueva,31008,11,K,Torre Nueva K,,,
540,2,GUESTROOM,Torre Nueva,31009,11,K,Torre Nueva K,,,
541,2,GUESTROOM,Torre Nueva,31010,11,K,Torre Nueva K,,,
542,2,GUESTROOM,Torre Nueva,31011,11,K,Torre Nueva K,,,
543,2,GUESTROOM,Torre Nueva,31012,11,K,Torre Nueva K,,,
544,2,GUESTROOM,Torre Nueva,31014,11,K,Torre Nueva K,,,
545,2,GUESTROOM,Torre Nueva,31015,11,K,Torre Nueva K,,,
546,2,GUESTROOM,Torre Nueva,31016,11,K,Torre Nueva K,,,
547,2,GUESTROOM,Torre Nueva,31017,11,K,Torre Nueva K,,,
